Customer_ID,First_Name,Last_Name,Email,Phone_Number,Address,City,Country,Postal_Code,Registration_Date
1,John,Doe,johndoe@example.com,123-456-7890,123 Main St,New York,USA,10001,2024-06-01
2,Jane,Smith,janesmith@example.com,234-567-8901,456 Elm St,Los Angeles,USA,90001,2024-06-02
3,Michael,Johnson,michaeljohnson@example.com,345-678-9012,789 Oak St,Chicago,USA,60601,2024-06-03
4,Emily,Williams,emilywilliams@example.com,456-789-0123,101 Maple Ave,Miami,USA,33101,2024-06-04
5,James,Brown,jamesbrown@example.com,567-890-1234,202 Cedar St,Houston,USA,77001,2024-06-05
6,Lisa,Miller,lisamiller@example.com,678-901-2345,303 Pine St,Philadelphia,USA,19101,2024-06-06
7,David,Taylor,davidtaylor@example.com,789-012-3456,404 Walnut St,Phoenix,USA,85001,2024-06-07
8,Sarah,Anderson,sarahanderson@example.com,890-123-4567,505 Birch St,San Antonio,USA,78201,2024-06-08
9,Matthew,Thomas,matthewthomas@example.com,901-234-5678,606 Cherry St,San Diego,USA,92101,2024-06-09
10,Anna,Jackson,annajackson@example.com,012-345-6789,707 Oakwood Dr,Dallas,USA,75201,2024-06-10
11,Robert,Wilson,robertwilson@example.com,123-456-7890,808 Pinehurst Ln,San Jose,USA,95101,2024-06-11
12,Emma,Martin,emmamartin@example.com,234-567-8901,909 Magnolia Dr,Austin,USA,78701,2024-06-12
13,William,Garcia,williamgarcia@example.com,345-678-9012,1010 Cedar Ave,Indianapolis,USA,46201,2024-06-13
14,Alexis,Martinez,alexismartinez@example.com,456-789-0123,1111 Maple Blvd,Jacksonville,USA,32201,2024-06-14
15,Ashley,Hernandez,ashleyhernandez@example.com,567-890-1234,1212 Elmwood Dr,San Francisco,USA,94101,2024-06-15
16,Christopher,Lopez,christopherlopez@example.com,678-901-2345,1313 Oakwood Ave,Columbus,USA,43201,2024-06-16
17,Natalie,Gonzalez,nataliegonzalez@example.com,789-012-3456,1414 Cherrywood Ln,Charlotte,USA,28201,2024-06-17
18,Jacob,Perez,jacobperez@example.com,890-123-4567,1515 Birchwood Dr,Seattle,USA,98101,2024-06-18
19,Megan,Wright,meganwright@example.com,901-234-5678,1616 Maplewood Ln,San Antonio,USA,78201,2024-06-19
20,Ryan,Hall,ryanhall@example.com,012-345-6789,1717 Elmwood Ave,Portland,USA,97201,2024-06-20
21,Maria,Garcia,mariagarcia@example.com,123-456-7890,123 Main St,Madrid,Spain,28001,2024-06-21
22,Jose,Silva,josesilva@example.com,234-567-8901,456 Elm St,Lisbon,Portugal,1000-001,2024-06-22
23,Ana,Moreno,anamoreno@example.com,345-678-9012,789 Oak St,Barcelona,Spain,08001,2024-06-23
24,Luis,Fernandez,luisfernandez@example.com,456-789-0123,101 Maple Ave,Paris,France,75001,2024-06-24
25,Andrea,Rossi,andrearossi@example.com,567-890-1234,202 Cedar St,Rome,Italy,00100,2024-06-25
26,Chen,Li,chenli@example.com,678-901-2345,303 Pine St,Beijing,China,100000,2024-06-26
27,Takumi,Sato,takumisato@example.com,789-012-3456,404 Walnut St,Tokyo,Japan,100-0001,2024-06-27
28,Maria,Santos,mariasantos@example.com,890-123-4567,505 Birch St,Lisbon,Portugal,1000-002,2024-06-28
29,Sven,Schmidt,svenschmidt@example.com,901-234-5678,606 Cherry St,Berlin,Germany,10115,2024-06-29
30,Anastasia,Ivanova,anastasiaivanova@example.com,012-345-6789,707 Oakwood Dr,Moscow,Russia,101000,2024-06-30
31,Juan,Lopez,juanlopez@example.com,123-456-7890,808 Pinehurst Ln,Madrid,Spain,28002,2024-07-01
32,Sofia,Fernandez,sofiafernandez@example.com,234-567-8901,909 Magnolia Dr,Barcelona,Spain,08002,2024-07-02
33,Hiroshi,Tanaka,hiroshitanaka@example.com,345-678-9012,1010 Cedar Ave,Tokyo,Japan,100-0002,2024-07-03
34,Anna,Korhonen,annakorhonen@example.com,456-789-0123,1111 Maple Blvd,Helsinki,Finland,00100,2024-07-04
35,Maria,Ribeiro,mariaribeiro@example.com,567-890-1234,1212 Elmwood Dr,Lisbon,Portugal,1000-003,2024-07-05
36,Matteo,Conti,matteoconti@example.com,678-901-2345,1313 Oakwood Ave,Rome,Italy,00101,2024-07-06
37,Ling,Wang,lingwang@example.com,789-012-3456,1414 Cherrywood Ln,Beijing,China,100001,2024-07-07
38,Yuki,Suzuki,yukisuzuki@example.com,890-123-4567,1515 Birchwood Dr,Tokyo,Japan,100-0003,2024-07-08
39,Lucas,Souza,lucassouza@example.com,901-234-5678,1616 Maplewood Ln,Sao Paulo,Brazil,01001-000,2024-07-09
40,Julia,Novak,julianovak@example.com,012-345-6789,1717 Elmwood Ave,Berlin,Germany,10117,2024-07-10
41,Carlos,Silva,carlossilva@example.com,123-456-7890,123 Main St,Madrid,Spain,28003,2024-07-11
42,Luiza,Lopes,luizalopes@example.com,234-567-8901,456 Elm St,Rio de Janeiro,Brazil,20000-000,2024-07-12
43,Hans,Schneider,hansschneider@example.com,345-678-9012,789 Oak St,Berlin,Germany,10119,2024-07-13
44,Chieko,Tanaka,chiekotanaka@example.com,456-789-0123,101 Maple Ave,Tokyo,Japan,100-0004,2024-07-14
45,Amelia,Garcia,ameliagarcia@example.com,567-890-1234,202 Cedar St,Madrid,Spain,28004,2024-07-15
46,Giovanni,Rossi,giovannirossi@example.com,678-901-2345,303 Pine St,Milan,Italy,20100,2024-07-16
47,Hyun-woo,Kim,hyunwookim@example.com,789-012-3456,404 Walnut St,Seoul,South Korea,03005,2024-07-17
48,Alice,Chen,alicechen@example.com,890-123-4567,505 Birch St,Shanghai,China,200000,2024-07-18
49,Marta,Almeida,martaalmeida@example.com,901-234-5678,606 Cherry St,Lisbon,Portugal,1000-004,2024-07-19
50,Mohamed,Ahmed,mohamedahmed@example.com,012-345-6789,707 Oakwood Dr,Cairo,Egypt,11511,2024-07-20
51,Joaquín,Hernández,joaquinhernandez@example.com,123-456-7890,123 Main St,Mexico City,Mexico,01000,2024-07-21
52,Alessandro,Romano,alessandroromano@example.com,234-567-8901,456 Elm St,Rome,Italy,00102,2024-07-22
53,Youssef,Nasr,youssefnasr@example.com,345-678-9012,789 Oak St,Cairo,Egypt,11512,2024-07-23
54,Anna,Nowak,annanowak@example.com,456-789-0123,101 Maple Ave,Warsaw,Poland,00-001,2024-07-24
55,Maria,López,marialopez@example.com,567-890-1234,202 Cedar St,Madrid,Spain,28005,2024-07-25
56,Luiz,Silva,luizsilva@example.com,678-901-2345,303 Pine St,São Paulo,Brazil,01002-000,2024-07-26
57,Liam,Smith,liamsmith@example.com,789-012-3456,404 Walnut St,London,UK,E1 6AN,2024-07-27
58,Sofia,Ramos,sofiaramos@example.com,890-123-4567,505 Birch St,Mexico City,Mexico,01001,2024-07-28
59,Maxim,Ivanov,maximivanov@example.com,901-234-5678,606 Cherry St,Moscow,Russia,101001,2024-07-29
60,Mia,Johnson,miajohnson@example.com,012-345-6789,707 Oakwood Dr,New York,USA,10002,2024-07-30
61,Lucas,Ferreira,lucasferreira@example.com,123-456-7890,808 Pinehurst Ln,Rio de Janeiro,Brazil,20000-001,2024-08-01
62,Isabella,Gonzalez,isabellagonzalez@example.com,234-567-8901,909 Magnolia Dr,Madrid,Spain,28006,2024-08-02
63,Hiroshi,Suzuki,hiroshisuzuki@example.com,345-678-9012,1010 Cedar Ave,Tokyo,Japan,100-0005,2024-08-03
64,Aurora,Rossi,aurorarossi@example.com,456-789-0123,1111 Maple Blvd,Milan,Italy,20101,2024-08-04
65,Chen,Lin,chenlin@example.com,567-890-1234,1212 Elmwood Dr,Shanghai,China,200001,2024-08-05
66,Yun-seo,Kim,yunseokim@example.com,678-901-2345,1313 Oakwood Ave,Seoul,South Korea,03006,2024-08-06
67,Elena,Petrova,elenapetrova@example.com,789-012-3456,1414 Cherrywood Ln,Moscow,Russia,101002,2024-08-07
68,Javier,Fernández,javierfernandez@example.com,890-123-4567,1515 Birchwood Dr,Madrid,Spain,28007,2024-08-08
69,Yasuo,Tanaka,yasuotanaka@example.com,901-234-5678,1616 Maplewood Ln,Tokyo,Japan,100-0006,2024-08-09
70,Luna,Chen,lunachen@example.com,012-345-6789,1717 Elmwood Ave,Beijing,China,100002,2024-08-10
71,Antonio,Pereira,antoniopereira@example.com,123-456-7890,123 Main St,Lisbon,Portugal,1000-005,2024-08-11
72,Juliana,Alvarez,julianaalvarez@example.com,234-567-8901,456 Elm St,Bogotá,Colombia,110111,2024-08-12
73,Emil,Larsen,emillarsen@example.com,345-678-9012,789 Oak St,Copenhagen,Denmark,1000,2024-08-13
74,Anastasiya,Smirnova,anastasiyasmirnova@example.com,456-789-0123,101 Maple Ave,Moscow,Russia,101003,2024-08-14
75,Kaori,Yamamoto,kaoriyamamoto@example.com,567-890-1234,202 Cedar St,Tokyo,Japan,100-0007,2024-08-15
76,Adam,Andersen,adamandersen@example.com,678-901-2345,303 Pine St,Copenhagen,Denmark,1001,2024-08-16
77,Marta,Fernández,martafernandez@example.com,789-012-3456,404 Walnut St,Madrid,Spain,28008,2024-08-17
78,Olga,Kuznetsova,olgakuznetsova@example.com,890-123-4567,505 Birch St,Moscow,Russia,101004,2024-08-18
79,Raphael,Santos,raphaelsantos@example.com,901-234-5678,606 Cherry St,Rio de Janeiro,Brazil,20000-002,2024-08-19
80,Emma,Svensson,emmasvensson@example.com,012-345-6789,707 Oakwood Dr,Stockholm,Sweden,10000,2024-08-20
101,Jacob,Andersen,jacobandersen@example.com,123-456-7890,123 Main St,Copenhagen,Denmark,1000,2024-06-01
102,Mia,Li,miali@example.com,234-567-8901,456 Elm St,Shanghai,China,200000,2024-06-02
103,Sophia,Santos,sophiasantos@example.com,345-678-9012,789 Oak St,Rio de Janeiro,Brazil,20000-000,2024-06-03
104,Lucas,Müller,lucasmuller@example.com,456-789-0123,101 Maple Ave,Berlin,Germany,10115,2024-06-04
105,Isabella,Kim,isabellakim@example.com,567-890-1234,202 Cedar St,Seoul,South Korea,03005,2024-06-05
106,Ella,Novak,ellanovak@example.com,678-901-2345,303 Pine St,Prague,Czech Republic,110 00,2024-06-06
107,Alexander,Chen,alexanderchen@example.com,789-012-3456,404 Walnut St,Beijing,China,100000,2024-06-07
108,Sophie,Nguyen,sophienguyen@example.com,890-123-4567,505 Birch St,Ho Chi Minh City,Vietnam,700000,2024-06-08
109,Matteo,Rossi,matteorossi@example.com,901-234-5678,606 Cherry St,Milan,Italy,20100,2024-06-09
110,Emma,Svensson,emmasvensson@example.com,012-345-6789,707 Oakwood Dr,Stockholm,Sweden,10000,2024-06-10
111,Santiago,López,santiagolopez@example.com,123-456-7890,808 Pinehurst Ln,Buenos Aires,Argentina,C1425DZA,2024-06-11
112,Emily,Wang,emilywang@example.com,234-567-8901,909 Magnolia Dr,Shanghai,China,200001,2024-06-12
113,Alexander,Kovács,alexanderkovacs@example.com,345-678-9012,1010 Cedar Ave,Budapest,Hungary,1011,2024-06-13
114,Maria,Ferreira,mariaferreira@example.com,456-789-0123,1111 Maple Blvd,Lisbon,Portugal,1000-001,2024-06-14
115,Youssef,Al-Masri,youssefalmasri@example.com,567-890-1234,1212 Elmwood Dr,Cairo,Egypt,11511,2024-06-15
116,Aurora,García,auroragarcia@example.com,678-901-2345,1313 Oakwood Ave,Madrid,Spain,28001,2024-06-16
117,Alexander,Novak,alexandernovak@example.com,789-012-3456,1414 Cherrywood Ln,Prague,Czech Republic,120 00,2024-06-17
118,Emma,Andersen,emmaandersen@example.com,890-123-4567,1515 Birchwood Dr,Copenhagen,Denmark,1001,2024-06-18
119,Yusuf,Kaya,yusufkaya@example.com,901-234-5678,1616 Maplewood Ln,Istanbul,Turkey,34400,2024-06-19
120,Emily,Chen,emilychen@example.com,012-345-6789,1717 Elmwood Ave,Shanghai,China,200002,2024-06-20
121,Sofia,García,sofiagarcia@example.com,123-456-7890,123 Main St,Barcelona,Spain,08001,2024-06-21
122,Hugo,Silva,hugosilva@example.com,234-567-8901,456 Elm St,Lisbon,Portugal,1000-002,2024-06-22
123,Alice,Chen,alicechen@example.com,345-678-9012,789 Oak St,Beijing,China,100000,2024-06-23
124,Olivia,Sato,oliviasato@example.com,456-789-0123,101 Maple Ave,Tokyo,Japan,100-0001,2024-06-24
125,Noah,Kim,noahkim@example.com,567-890-1234,202 Cedar St,Seoul,South Korea,03006,2024-06-25
126,Ella,Schmidt,ellaschmidt@example.com,678-901-2345,303 Pine St,Berlin,Germany,10117,2024-06-26
127,Mohamed,El-Sayed,mohamedelsayed@example.com,789-012-3456,404 Walnut St,Cairo,Egypt,11512,2024-06-27
128,Emma,Silva,emmasilva@example.com,890-123-4567,505 Birch St,Lisbon,Portugal,1000-003,2024-06-28
129,Mustafa,Öztürk,mustafaozturk@example.com,901-234-5678,606 Cherry St,Istanbul,Turkey,34000,2024-06-29
130,Yara,Nasr,yaranasr@example.com,012-345-6789,707 Oakwood Dr,Beirut,Lebanon,2060 0807,2024-06-30
131,Lucas,Liu,lucasliu@example.com,123-456-7890,808 Pinehurst Ln,Shanghai,China,200003,2024-07-01
132,Ava,Kim,avakim@example.com,234-567-8901,909 Magnolia Dr,Seoul,South Korea,03007,2024-07-02
133,Maja,Andersson,majaandersson@example.com,345-678-9012,1010 Cedar Ave,Stockholm,Sweden,10001,2024-07-03
134,William,Silva,williamsilva@example.com,456-789-0123,1111 Maple Blvd,Rio de Janeiro,Brazil,20000-001,2024-07-04
135,Sara,Müller,saramuller@example.com,567-890-1234,1212 Elmwood Dr,Berlin,Germany,10118,2024-07-05
136,Matías,Rodríguez,matiasrodriguez@example.com,678-901-2345,1313 Oakwood Ave,Buenos Aires,Argentina,C1425DZB,2024-07-06
137,Ella,Müller,ellamuller@example.com,789-012-3456,1414 Cherrywood Ln,Berlin,Germany,10119,2024-07-07
138,Lucas,Chen,lucaschen@example.com,890-123-4567,1515 Birchwood Dr,Shanghai,China,200004,2024-07-08
139,Isabella,Ferreira,isabellaferreira@example.com,901-234-5678,1616 Maplewood Ln,Rio de Janeiro,Brazil,20000-002,2024-07-09
140,Noah,Sato,noahsato@example.com,012-345-6789,1717 Elmwood Ave,Tokyo,Japan,100-0002,2024-07-10
141,Sofia,Chen,sofiachen@example.com,123-456-7890,123 Main St,Shanghai,China,200005,2024-07-11
142,Oscar,Santos,oscarsantos@example.com,234-567-8901,456 Elm St,São Paulo,Brazil,01001-000,2024-07-12
143,Sophia,Kovács,sophiakovacs@example.com,345-678-9012,789 Oak St,Budapest,Hungary,1012,2024-07-13
144,Henry,Andersen,henryandersen@example.com,456-789-0123,101 Maple Ave,Copenhagen,Denmark,1002,2024-07-14
145,Alice,Li,aliceli@example.com,567-890-1234,202 Cedar St,Shanghai,China,200006,2024-07-15
146,Lucas,González,lucasgonzalez@example.com,678-901-2345,303 Pine St,Madrid,Spain,28002,2024-07-16
147,Ava,Müller,avamuller@example.com,789-012-3456,404 Walnut St,Berlin,Germany,10120,2024-07-17
148,Oliver,Chen,oliverchen@example.com,890-123-4567,505 Birch St,Shanghai,China,200007,2024-07-18
149,Liam,Trần,liamtran@example.com,901-234-5678,606 Cherry St,Ho Chi Minh City,Vietnam,700001,2024-07-19
150,Charlotte,Li,charlotteli@example.com,012-345-6789,707 Oakwood Dr,Beijing,China,100001,2024-07-20
151,Isaac,Andersson,isaacandersson@example.com,123-456-7890,808 Pinehurst Ln,Stockholm,Sweden,10002,2024-07-21
152,Amelia,Nguyễn,ameliannguyen@example.com,234-567-8901,909 Magnolia Dr,Ho Chi Minh City,Vietnam,700002,2024-07-22
153,Alejandro,Lee,alejandrolee@example.com,345-678-9012,1010 Cedar Ave,Seoul,South Korea,03008,2024-07-23
154,Olivia,Leclerc,olivialeclerc@example.com,456-789-0123,1111 Maple Blvd,Paris,France,75001,2024-07-24
155,Noah,Sato,noahsato@example.com,567-890-1234,1212 Elmwood Dr,Tokyo,Japan,100-0003,2024-07-25
156,Sara,Müller,saramuller@example.com,678-901-2345,1313 Oakwood Ave,Berlin,Germany,10121,2024-07-26
157,Lucas,Kim,lucaskim@example.com,789-012-3456,1414 Cherrywood Ln,Seoul,South Korea,03009,2024-07-27
158,Charlotte,Jensen,charlottejensen@example.com,890-123-4567,1515 Birchwood Dr,Copenhagen,Denmark,1003,2024-07-28
159,Alice,Li,aliceli@example.com,901-234-5678,1616 Maplewood Ln,Shanghai,China,200008,2024-07-29
160,Maximiliano,González,maximilianogonzalez@example.com,012-345-6789,1717 Elmwood Ave,Buenos Aires,Argentina,C1425DZC,2024-07-30
161,Emilia,Liu,emilialiu@example.com,123-456-7890,123 Main St,Shanghai,China,200009,2024-07-31
162,Lucas,Kovács,lucaskovacs@example.com,234-567-8901,456 Elm St,Budapest,Hungary,1013,2024-08-01
163,Ava,Almeida,avaalmeida@example.com,345-678-9012,789 Oak St,São Paulo,Brazil,01002-001,2024-08-02
164,David,Chen,davidchen@example.com,456-789-0123,101 Maple Ave,Shanghai,China,200010,2024-08-03
165,Sophia,Andersen,sophiaandersen@example.com,567-890-1234,202 Cedar St,Copenhagen,Denmark,1004,2024-08-04
166,Lucas,Kim,lucaskim@example.com,678-901-2345,303 Pine St,Seoul,South Korea,03010,2024-08-05
167,Emilia,Andersson,emiliaandersson@example.com,789-012-3456,404 Walnut St,Stockholm,Sweden,10003,2024-08-06
168,Julia,Silva,juliasilva@example.com,890-123-4567,505 Birch St,Rio de Janeiro,Brazil,20000-003,2024-08-07
169,Alejandro,Trần,alejandrotran@example.com,901-234-5678,606 Cherry St,Ho Chi Minh City,Vietnam,700003,2024-08-08
170,Antonio,Müller,antoniomuller@example.com,012-345-6789,707 Oakwood Dr,Berlin,Germany,10122,2024-08-09
171,Aurora,Chen,aurorachen@example.com,123-456-7890,808 Pinehurst Ln,Shanghai,China,200011,2024-08-10
172,Alexander,Kovács,alexanderkovacs@example.com,234-567-8901,909 Magnolia Dr,Budapest,Hungary,1014,2024-08-11
173,Sara,García,saragarcia@example.com,345-678-9012,1010 Cedar Ave,Madrid,Spain,28003,2024-08-12
174,Julia,Nguyễn,julianguyen@example.com,456-789-0123,1111 Maple Blvd,Ho Chi Minh City,Vietnam,700004,2024-08-13
175,Lucas,Chang,lucaschang@example.com,567-890-1234,1212 Elmwood Dr,Taipei,Taiwan,100,2024-08-14
176,Emil,Müller,emilmuller@example.com,678-901-2345,1313 Oakwood Ave,Berlin,Germany,10123,2024-08-15
177,Alice,Li,aliceli@example.com,789-012-3456,1414 Cherrywood Ln,Shanghai,China,200012,2024-08-16
178,Hugo,Li,hugoli@example.com,890-123-4567,1515 Birchwood Dr,Shanghai,China,200013,2024-08-17
179,Lucas,Ferreira,lucasferreira@example.com,901-234-5678,1616 Maplewood Ln,Lisbon,Portugal,1000-004,2024-08-18
180,Liam,Chen,liamchen@example.com,012-345-6789,1717 Elmwood Ave,Shanghai,China,200014,2024-08-19
181,Sofia,Kim,sofiakim@example.com,123-456-7890,123 Main St,Seoul,South Korea,03011,2024-08-20
182,Emil,Kovács,emilkovacs@example.com,234-567-8901,456 Elm St,Budapest,Hungary,1015,2024-08-21
183,Sara,Gonçalves,saragoncalves@example.com,345-678-9012,789 Oak St,Lisbon,Portugal,1000-005,2024-08-22
184,Alejandro,Chen,alejandrochen@example.com,456-789-0123,101 Maple Ave,Shanghai,China,200015,2024-08-23
185,Ella,Liu,ellaliu@example.com,567-890-1234,202 Cedar St,Shanghai,China,200016,2024-08-24
186,Liam,Andersen,liamandersen@example.com,678-901-2345,303 Pine St,Copenhagen,Denmark,1005,2024-08-25
187,Alice,Sato,alicesato@example.com,789-012-3456,404 Walnut St,Tokyo,Japan,100-0004,2024-08-26
188,Sara,Almeida,saraalmeida@example.com,890-123-4567,505 Birch St,São Paulo,Brazil,01003-001,2024-08-27
189,Lucas,González,lucasgonzalez@example.com,901-234-5678,606 Cherry St,Madrid,Spain,28004,2024-08-28
190,Emilia,Leclerc,emilialeclerc@example.com,012-345-6789,707 Oakwood Dr,Paris,France,75002,2024-08-29
191,Lucas,Kim,lucaskim@example.com,123-456-7890,808 Pinehurst Ln,Seoul,South Korea,03012,2024-08-30
192,Emil,Novák,emilnovak@example.com,234-567-8901,909 Magnolia Dr,Prague,Czech Republic,130 00,2024-08-31
193,Alice,Chen,alicechen@example.com,345-678-9012,1010 Cedar Ave,Shanghai,China,200017,2024-09-01
194,Hugo,Ferreira,hugoferreira@example.com,456-789-0123,1111 Maple Blvd,Lisbon,Portugal,1000-006,2024-09-02
195,Sara,Sato,sarasato@example.com,567-890-1234,1212 Elmwood Dr,Tokyo,Japan,100-0005,2024-09-03
196,Lucas,Silva,lucassilva@example.com,678-901-2345,1313 Oakwood Ave,Rio de Janeiro,Brazil,20000-004,2024-09-04
197,Alice,Liu,aliceliu@example.com,789-012-3456,1414 Cherrywood Ln,Shanghai,China,200018,2024-09-05
198,Liam,Kovács,liamkovacs@example.com,890-123-4567,1515 Birchwood Dr,Budapest,Hungary,1016,2024-09-06
199,Sophia,García,sophiagarcia@example.com,901-234-5678,1616 Maplewood Ln,Madrid,Spain,28005,2024-09-07
200,Ava,Chen,avachen@example.com,012-345-6789,1717 Elmwood Ave,Shanghai,China,200019,2024-09-08
201,Olivia,Li,oliviali@example.com,123-456-7890,123 Main St,Shanghai,China,200020,2024-09-09
202,Ella,Li,ellali@example.com,234-567-8901,456 Elm St,Shanghai,China,200021,2024-09-10
203,Lucas,Chang,lucaschang@example.com,345-678-9012,789 Oak St,Taipei,Taiwan,101,2024-09-11
204,Emma,Müller,emmamuller@example.com,456-789-0123,101 Maple Ave,Berlin,Germany,10124,2024-09-12
205,Liam,Kim,liamkim@example.com,567-890-1234,202 Cedar St,Seoul,South Korea,03013,2024-09-13
206,Sofia,Silva,silvasofia@example.com,678-901-2345,303 Pine St,Lisbon,Portugal,1000-007,2024-09-14
207,Alejandro,Kim,alejandrokim@example.com,789-012-3456,404 Walnut St,Seoul,South Korea,03014,2024-09-15
208,Emilia,Li,emiliali@example.com,890-123-4567,505 Birch St,Shanghai,China,200022,2024-09-16
209,Lucas,Liu,lucasliu@example.com,901-234-5678,606 Cherry St,Shanghai,China,200023,2024-09-17
210,Alice,Chen,alicechen@example.com,012-345-6789,707 Oakwood Dr,Shanghai,China,200024,2024-09-18
211,Sara,Kim,sarakim@example.com,123-456-7890,808 Pinehurst Ln,Seoul,South Korea,03015,2024-09-19
212,Hugo,Müller,hugomuller@example.com,234-567-8901,909 Magnolia Dr,Berlin,Germany,10125,2024-09-20
213,Sophia,Chen,sophiachen@example.com,345-678-9012,1010 Cedar Ave,Shanghai,China,200025,2024-09-21
214,Liam,Silva,liamsilva@example.com,456-789-0123,1111 Maple Blvd,Rio de Janeiro,Brazil,20000-005,2024-09-22
215,Alice,Nguyễn,alicenguyen@example.com,567-890-1234,1212 Elmwood Dr,Ho Chi Minh City,Vietnam,700005,2024-09-23
216,Emma,Kim,emmakim@example.com,678-901-2345,1313 Oakwood Ave,Seoul,South Korea,03016,2024-09-24
217,Sara,Andersson,saraandersson@example.com,789-012-3456,1414 Cherrywood Ln,Stockholm,Sweden,10004,2024-09-25
218,Liam,Chang,liamchang@example.com,890-123-4567,1515 Birchwood Dr,Taipei,Taiwan,102,2024-09-26
219,Sofia,Müller,sofiamuller@example.com,901-234-5678,1616 Maplewood Ln,Berlin,Germany,10126,2024-09-27
220,Emil,Chen,emilchen@example.com,012-345-6789,1717 Elmwood Ave,Shanghai,China,200026,2024-09-28
221,Alice,Li,aliceli@example.com,123-456-7890,123 Main St,Shanghai,China,200027,2024-09-29
100,Hugo,Trần,hugotran@example.com,234-567-8901,456 Elm St,Ho Chi Minh City,Vietnam,700006,2024-09-30
81,Emma,Silva,emmasilva@example.com,890-123-4567,505 Birch St,Lisbon,Portugal,1000-003,2024-08-28
82,Mustafa,Öztürk,mustafaozturk@example.com,901-234-5678,606 Cherry St,Istanbul,Turkey,34000,2024-08-29
83,Yara,Nasr,yaranasr@example.com,012-345-6789,707 Oakwood Dr,Beirut,Lebanon,2060 0807,2024-08-30
84,Lucas,Liu,lucasliu@example.com,123-456-7890,808 Pinehurst Ln,Shanghai,China,200003,2024-09-01
85,Ava,Kim,avakim@example.com,234-567-8901,909 Magnolia Dr,Seoul,South Korea,03007,2024-09-02
86,Maja,Andersson,majaandersson@example.com,345-678-9012,1010 Cedar Ave,Stockholm,Sweden,10001,2024-09-03
87,William,Silva,williamsilva@example.com,456-789-0123,1111 Maple Blvd,Rio de Janeiro,Brazil,20000-001,2024-09-04
88,Sara,Müller,saramuller@example.com,567-890-1234,1212 Elmwood Dr,Berlin,Germany,10117,2024-09-05
89,Lucas,Kim,lucaskim@example.com,678-901-2345,1313 Oakwood Ave,Seoul,South Korea,03010,2024-09-06
90,Charlotte,Jensen,charlottejensen@example.com,890-123-4567,1515 Birchwood Dr,Copenhagen,Denmark,1003,2024-09-07
91,Alice,Li,aliceli@example.com,901-234-5678,1616 Maplewood Ln,Shanghai,China,200008,2024-09-08
92,Maximiliano,González,maximilianogonzalez@example.com,012-345-6789,1717 Elmwood Ave,Buenos Aires,Argentina,C1425DZC,2024-09-09
93,Emilia,Liu,emilialiu@example.com,123-456-7890,123 Main St,Shanghai,China,200009,2024-09-10
94,Lucas,Kovács,lucaskovacs@example.com,234-567-8901,456 Elm St,Budapest,Hungary,1013,2024-09-11
95,Ava,Almeida,avaalmeida@example.com,345-678-9012,789 Oak St,São Paulo,Brazil,01002-001,2024-09-12
96,David,Chen,davidchen@example.com,456-789-0123,101 Maple Ave,Shanghai,China,200010,2024-09-13
97,Sophia,Andersen,sophiaandersen@example.com,567-890-1234,202 Cedar St,Copenhagen,Denmark,1004,2024-09-14
98,Lucas,Kim,lucaskim@example.com,678-901-2345,303 Pine St,Seoul,South Korea,03010,2024-09-15
99,Emilia,Andersson,emiliaandersson@example.com,789-012-3456,404 Walnut St,Stockholm,Sweden,10004,2024-09-16
